Район,Округ,Номер УИК,Число избирателей,Явка,Действительных бюллетеней,Недействительных бюллетеней,Досрочно,На УИКах,На дому,Победитель,Число проголосовавших за победителя,Процент победителя,Партия победителя
Красноглинского,Седьмой,УИК №2701,1628,18.18,296,0,271,25,0,Муравьева Екатерина Александровна,242,81.76,ЛДПР
Красноглинского,Шестой,УИК №2702,1556,7.39,108,7,76,31,8,Деникаева Наталия Олеговна,71,61.74,Единая Россия
Красноглинского,Четвёртый,УИК №2703,1494,9.37,137,3,87,53,0,Анисимова Ирина Владимировна,120,85.71,Единая Россия
Красноглинского,Девятый,УИК №2704,2355,17.11,397,6,276,107,20,Мотынга Иван Анатольевич,354,87.84,Единая Россия
Красноглинского,Седьмой,УИК №2705,1409,14.9,204,6,76,129,5,Солдатов Алексей Владимирович,104,49.52,Единая Россия
Красноглинского,Восьмой,УИК №2706,1228,12.13,145,4,102,41,6,Муханов Алексей Борисович,103,69.13,Единая Россия
Красноглинского,Десятый,УИК №2707,2025,9.33,179,10,114,70,5,Поваляев Максим Владимирович,118,62.43,Единая Россия
Красноглинского,Десятый,УИК №2708,1335,10.34,135,3,95,43,0,Поваляев Максим Владимирович,105,76.09,Единая Россия
Красноглинского,Одиннадцатый,УИК №2709,1742,11.6,189,13,132,66,4,Каримов Ибрагим Исраилович,139,68.81,Единая Россия
Красноглинского,Одиннадцатый,УИК №2710,1306,22.36,284,8,94,197,1,Каримов Ибрагим Исраилович,265,90.75,Единая Россия
Красноглинского,Двенадцатый,УИК №2711,1258,13.75,165,8,79,70,24,Подолько Игнатий Вадимович,93,53.76,Единая Россия
Красноглинского,Тринадцатый,УИК №2712,1655,13.9,223,6,130,93,7,Легостаев Александр Васильевич,130,56.77,Единая Россия
Красноглинского,Двенадцатый,УИК №2713,1899,15.85,294,7,171,119,11,Подолько Игнатий Вадимович,224,74.42,Единая Россия
Красноглинского,Тринадцатый,УИК №2714,257,93.77,241,0,214,27,0,Легостаев Александр Васильевич,237,98.34,Единая Россия
Красноглинского,Тринадцатый,УИК №2715,1407,9.17,124,5,52,76,1,Легостаев Александр Васильевич,49,37.98,Единая Россия
Красноглинского,Четырнадцатый,УИК №2716,1915,14.31,270,4,152,94,28,Галстян Эдуард Товмасович,216,78.83,Единая Россия
Красноглинского,Пятнадцатый,УИК №2717,1879,17.83,332,3,94,233,8,Толкодубов Игорь Сергеевич,260,77.61,Справедливая Россия
Красноглинского,Пятнадцатый,УИК №2718,1441,10.62,148,5,71,73,9,Кузнецов Виктор Иванович,58,37.91,Единая Россия
Красноглинского,Семнадцатый,УИК №2719,1838,13.82,251,3,112,118,24,Щеглов Сергей Владимирович,99,38.98,Единая Россия
Красноглинского,Шестнадцатый,УИК №2720,1820,12.42,214,12,119,100,7,Лисов Евгений Валерьевич,159,70.35,ЛДПР
Красноглинского,Шестнадцатый,УИК №2721,1685,10.56,151,27,87,91,0,Козлов Алексей Павлович,63,35.39,Единая Россия
Красноглинского,Семнадцатый,УИК №2722,1663,7.58,122,4,70,51,5,Щеглов Сергей Владимирович,61,48.41,Единая Россия
Красноглинского,Восемнадцатый,УИК №2723,2170,11.11,238,3,120,121,0,Цепелёв Максим Павлович,94,39.0,Самовыдвижение
Красноглинского,Восемнадцатый,УИК №2724,1399,14.72,202,4,90,109,7,Калинина Светлана Владимировна,83,40.29,Единая Россия
Красноглинского,Девятнадцатый,УИК №2725,1372,10.71,141,6,68,76,3,Кривошеев Александр Геннадьевич,56,38.1,Единая Россия
Красноглинского,Девятнадцатый,УИК №2726,1133,12.71,139,5,81,63,0,Кривошеев Александр Геннадьевич,92,63.89,Единая Россия
Красноглинского,Девятнадцатый,УИК №2727,657,17.81,117,0,78,38,1,Кривошеев Александр Геннадьевич,91,77.78,Единая Россия
Красноглинского,Двадцатый,УИК №2728,2586,11.25,276,15,179,104,8,Евтухова Ольга Александровна,134,46.05,Единая Россия
Красноглинского,Двадцать второй,УИК №2729,1572,18.89,291,6,187,87,23,Ильин Андрей Владимирович,215,72.39,Единая Россия
Красноглинского,Двадцать первый,УИК №2730,1840,13.48,241,7,166,74,8,Мардгалимов Рафаэль Габдуллович,174,70.16,Единая Россия
Красноглинского,Двадцать первый,УИК №2731,1801,13.77,241,7,198,50,0,Мардгалимов Рафаэль Габдуллович,204,82.26,Единая Россия
Красноглинского,Двадцать третий,УИК №2732,2022,20.57,398,18,228,150,38,Кузнецов Николай Васильевич,286,68.75,Единая Россия
Красноглинского,Двадцать второй,УИК №2733,2021,17.32,342,8,164,170,16,Ильин Андрей Владимирович,290,82.86,Единая Россия
Красноглинского,Двадцать пятый,УИК №2734,2079,17.03,338,16,178,141,35,Новоселец Валентина Григорьевна,210,59.32,Единая Россия
Красноглинского,Двадцать четвёртый,УИК №2735,1751,25.24,416,26,193,236,13,Синельников Роман Владимирович,197,44.57,ЛДПР
Красноглинского,Двадцать пятый,УИК №2736,1223,40.88,477,23,205,266,29,Новоселец Валентина Григорьевна,382,76.4,Единая Россия
Красноглинского,Двадцать третий,УИК №2737,1430,30.0,404,25,246,162,21,Кузнецов Николай Васильевич,270,62.94,Единая Россия
Красноглинского,Двадцать четвёртый,УИК №2738,1816,19.33,334,17,174,177,0,Синельников Роман Владимирович,165,47.01,ЛДПР
Красноглинского,Третий,УИК №2739,1601,5.12,80,2,53,29,0,Бурцева Ирина Владимировна,62,75.61,Единая Россия
Красноглинского,Второй,УИК №2740,1552,7.02,107,2,71,38,0,Путинцева Галина Петровна,80,73.39,Единая Россия
Красноглинского,Пятый,УИК №2741,1639,4.82,74,5,49,25,5,Левин Юрий Сергеевич,41,51.9,Единая Россия
Красноглинского,Первый,УИК №2742,1591,7.17,114,0,86,19,9,Ермолаев Антон Владимирович,97,85.09,Единая Россия
Красноглинского,Восьмой,УИК №2743,2341,3.93,87,5,47,45,0,Муханов Алексей Борисович,49,53.26,Единая Россия
Красноглинского,Третий,УИК №2744,1515,7.13,106,2,81,27,0,Бурцева Ирина Владимировна,90,83.33,Единая Россия
Красноглинского,Пятый,УИК №2745,1628,3.81,61,1,39,23,0,Левин Юрий Сергеевич,46,74.19,Единая Россия
Красноглинского,Первый,УИК №2746,1563,6.08,90,5,58,37,0,Ермолаев Антон Владимирович,80,84.21,Единая Россия
Красноглинского,Двадцатый,УИК №2747,1081,15.63,164,5,95,71,3,Евтухова Ольга Александровна,81,47.93,Единая Россия
Красноглинского,Четырнадцатый,УИК №2748,1145,13.62,152,4,86,60,10,Галстян Эдуард Товмасович,121,77.56,Единая Россия
Красноглинского,Девятый,УИК №2749,1211,12.63,149,4,117,35,1,Мотынга Иван Анатольевич,133,86.93,Единая Россия
Красноглинского,Второй,УИК №2750,1507,5.91,86,3,54,35,0,Путинцева Галина Петровна,66,74.16,Единая Россия
Красноглинского,Четвёртый,УИК №2751,1518,8.7,132,0,73,57,2,Анисимова Ирина Владимировна,118,89.39,Единая Россия
Красноглинского,Шестой,УИК №2752,1577,8.12,119,9,86,34,8,Деникаева Наталия Олеговна,89,69.53,Единая Россия
Октябрьского,Первый,УИК №3001,2475,25.25,607,18,492,124,9,Сычева Наталья Валерьевна,510,81.6,Единая Россия
Октябрьского,Второй,УИК №3002,2077,21.09,424,14,200,233,5,Зимаров Владимир Михайлович,216,49.32,КПРФ
Октябрьского,Первый,УИК №3003,1408,11.93,156,11,112,45,11,Сычева Наталья Валерьевна,117,70.06,Единая Россия
Октябрьского,Третий,УИК №3004,1660,20.18,325,8,171,160,4,Никитчук Евгений Сергеевич,176,52.85,Единая Россия
Октябрьского,Третий,УИК №3005,698,17.19,120,0,59,61,0,Никитчук Евгений Сергеевич,64,53.33,Единая Россия
Октябрьского,Третий,УИК №3006,1587,19.34,299,8,137,166,4,Никитчук Евгений Сергеевич,128,41.69,Единая Россия
Октябрьского,Четвертый,УИК №3007,2483,13.45,322,12,171,161,2,Мотынга Иван Иванович,150,44.91,Единая Россия
Октябрьского,Второй,УИК №3008,1893,20.23,370,13,151,228,4,Зимаров Владимир Михайлович,248,64.75,КПРФ
Октябрьского,Шестой,УИК №3009,2054,19.52,390,11,195,201,5,Фоменко Игорь Анатольевич,196,48.88,КПРФ
Октябрьского,Шестой,УИК №3010,1695,20.47,342,5,148,185,14,Фоменко Игорь Анатольевич,167,48.13,КПРФ
Октябрьского,Четвертый,УИК №3011,1436,16.23,227,6,112,115,6,Муртазин Вячеслав Валерьевич,90,38.63,КПРФ
Октябрьского,Пятый,УИК №3012,1770,23.62,416,2,132,271,15,Федоров Максим Анатольевич,204,48.8,КПРФ
Октябрьского,Пятый,УИК №3013,1767,19.58,343,3,150,193,3,Пичкуров Сергей Владимирович,183,52.89,Единая Россия
Октябрьского,Восьмой,УИК №3014,1859,9.04,167,1,64,101,3,Пресняков Владимир Николаевич,66,39.29,КПРФ
Октябрьского,Седьмой,УИК №3015,1966,15.41,296,7,130,170,3,Купцов Денис Игоревич,148,48.84,Единая Россия
Октябрьского,Девятый,УИК №3016,1029,17.01,171,4,63,104,8,Асеев Дмитрий Геннадьевич,110,62.86,КПРФ
Октябрьского,Девятый,УИК №3017,2639,15.38,399,7,158,238,10,Асеев Дмитрий Геннадьевич,265,65.27,КПРФ
Октябрьского,Десятый,УИК №3018,1628,14.5,231,5,134,102,0,Лазарев Анатолий Владимирович,138,58.47,Единая Россия
Октябрьского,Седьмой,УИК №3019,1649,17.22,280,4,123,159,2,Купцов Денис Игоревич,148,52.11,Единая Россия
Октябрьского,Одиннадцатый,УИК №3020,1794,16.72,294,6,141,146,13,Половинкин Сергей Алексеевич,138,46.0,Единая Россия
Октябрьского,Двенадцатый,УИК №3021,1087,13.62,142,6,65,82,1,Белов Григорий Олегович,77,52.03,КПРФ
Октябрьского,Двенадцатый,УИК №3022,2849,12.04,333,10,168,146,29,Квашин Дмитрий Александрович,152,44.31,Единая Россия
Октябрьского,Четырнадцатый,УИК №3023,1307,17.37,221,6,103,107,17,Хохлов Сергей Викторович,94,41.41,Единая Россия
Октябрьского,Одиннадцатый,УИК №3024,2376,14.65,344,4,112,226,10,Половинкин Сергей Алексеевич,137,39.37,Единая Россия
Октябрьского,Двадцать первый,УИК №3025,2013,11.97,218,23,83,152,6,Корабельников Александр Николаевич,78,32.37,Самовыдвижение
Октябрьского,Двадцать первый,УИК №3026,2012,8.2,149,16,76,78,11,Асабин Виталий Викторович,81,49.09,Единая Россия
Октябрьского,Восьмой,УИК №3027,1900,11.26,210,4,60,150,4,Андреев Антон Александрович,86,40.19,Новые люди
Октябрьского,Двадцать второй,УИК №3028,2391,8.07,188,5,75,114,4,Сидоренко Денис Анатольевич,77,39.9,КПРФ
Октябрьского,Тринадцатый,УИК №3029,2061,23.34,468,6,374,99,8,Дегтев Алексей Петрович,427,90.08,Единая Россия
Октябрьского,Десятый,УИК №3030,2161,10.74,228,4,116,115,1,Лазарев Анатолий Владимирович,144,62.07,Единая Россия
Октябрьского,Тринадцатый,УИК №3031,1732,33.14,574,0,472,97,5,Дегтев Алексей Петрович,521,90.77,Единая Россия
Октябрьского,Двадцать третий,УИК №3032,1990,7.29,143,2,72,64,9,Репин Александр Владимирович,78,53.79,Единая Россия
Октябрьского,Двадцать четвертый,УИК №3033,1832,13.59,245,4,107,140,2,Белоусов Андрей Борисович,89,35.74,Единая Россия
Октябрьского,Двадцать четвертый,УИК №3034,1578,14.58,226,3,121,107,2,Белоусов Андрей Борисович,135,58.95,Единая Россия
Октябрьского,Двадцатый,УИК №3035,1968,21.7,417,10,351,76,0,Бодров Владимир Георгиевич,356,83.37,Единая Россия
Октябрьского,Двадцатый,УИК №3036,2100,15.81,326,6,250,82,0,Бодров Владимир Георгиевич,269,81.02,Единая Россия
Октябрьского,Семнадцатый,УИК №3037,1963,11.77,228,3,95,131,5,Сухарев Иван Николаевич,125,54.11,Единая Россия
Октябрьского,Семнадцатый,УИК №3038,1734,13.96,239,3,133,98,11,Сухарев Иван Николаевич,154,63.64,Единая Россия
Октябрьского,Девятнадцатый,УИК №3039,2509,9.17,228,2,117,107,6,Кузьмина Марина Васильевна,107,46.52,КПРФ
Октябрьского,Восемнадцатый,УИК №3040,2624,7.62,193,7,97,100,3,Трифонов Илья Александрович,90,45.0,Единая Россия
Октябрьского,Пятнадцатый,УИК №3041,1373,13.18,176,5,105,76,0,Горшкова Оксана Александровна,101,55.8,Единая Россия
Октябрьского,Пятнадцатый,УИК №3042,2029,17.2,343,5,173,172,4,Горшкова Оксана Александровна,166,47.7,Единая Россия
Октябрьского,Шестнадцатый,УИК №3043,2262,16.67,375,2,250,107,20,Мартынов Алексей Анатольевич,337,89.39,Единая Россия
Октябрьского,Двадцать пятый,УИК №3044,2409,7.02,164,5,62,103,4,Сикачев Владимир Александрович,72,42.6,Единая Россия
Октябрьского,Двадцать второй,УИК №3045,1557,9.76,146,6,61,91,0,Мосягин Анатолий Вячеславович,53,34.87,Единая Россия
Октябрьского,Четырнадцатый,УИК №3046,2553,10.46,263,4,65,202,0,Алексеев Вадим Александрович,135,50.56,Яблоко
Октябрьского,Восемнадцатый,УИК №3047,1599,4.38,69,1,26,43,1,Трифонов Илья Александрович,28,40.0,Единая Россия
Октябрьского,Двадцать третий,УИК №3048,1893,4.44,82,1,24,60,0,Кайнов Вениамин Леонидович,40,48.19,КПРФ
Октябрьского,Шестнадцатый,УИК №3049,1179,15.1,174,3,117,57,4,Мартынов Алексей Анатольевич,147,83.05,Единая Россия
Октябрьского,Девятнадцатый,УИК №3050,1270,11.73,148,1,12,102,35,Перевалов Александр Николаевич,104,69.8,Единая Россия
Октябрьского,Двадцать пятый,УИК №3051,1126,6.75,75,1,21,52,3,Ситников Вячеслав Вячеславович,34,44.74,ЛДПР
Самарского,Первый,УИК №3201,1233,17.44,204,11,62,140,13,Митрофанов Алексей Петрович,100,46.51,Справедливая Россия
Самарского,Второй,УИК №3201,1190,8.74,103,1,38,60,6,Медведев Александр Викторович,62,59.62,Единая Россия
Самарского,Третий,УИК №3202,1241,11.12,136,2,47,84,7,Егоров Олег Игоревич,56,40.58,Самовыдвижение
Самарского,Десятый,УИК №3202,1144,15.3,170,5,51,114,10,Токмань Ираида Федоровна,75,42.86,Единая Россия
Самарского,Пятый,УИК №3203,1047,16.52,169,0,75,91,7,Рязанов Сергей Владимирович,124,73.37,Единая Россия
Самарского,Шестой,УИК №3203,1213,12.37,144,6,36,105,9,Матюнин Максим Алексеевич,53,35.33,Самовыдвижение
Самарского,Седьмой,УИК №3204,1166,16.21,186,3,82,98,9,Цибарева Ольга Юрьевна,111,58.73,Единая Россия
Самарского,Девятый,УИК №3205,1194,11.64,135,4,71,63,5,Любимова Ольга Германовна,78,56.12,Единая Россия
Самарского,Восьмой,УИК №3206,1012,13.04,130,2,51,72,9,Илингин Рустам Усманович,56,42.42,Единая Россия
Самарского,Пятнадцатый,УИК №3207,1177,16.48,189,5,107,86,1,Максимов Максим Александрович,161,82.99,Единая Россия
Самарского,Шестнадцатый,УИК №3207,1198,10.18,114,8,39,83,0,Санникова Татьяна Александровна,65,53.28,Единая Россия
Самарского,Четвертый,УИК №3208,1242,9.9,119,4,29,94,0,Насыбуллина Рената Артуровна,55,44.72,Самовыдвижение
Самарского,Одиннадцатый,УИК №3208,1279,10.32,125,7,45,86,1,Ладяев Андрей Юрьевич,37,28.03,Новые люди
Самарского,Двенадцатый,УИК №3209,1092,15.66,169,2,55,105,11,Попова Елена Владимировна,60,35.09,Единая Россия
Самарского,Тринадцатый,УИК №3209,1149,13.75,153,5,78,72,8,Пугачев Алексей Валерьевич,75,47.47,Единая Россия
Самарского,Четырнадцатый,УИК №3210,1198,20.45,243,2,114,124,7,Дворцова Олеся Геннадьевна,130,53.06,Единая Россия
Самарского,Восемнадцатый,УИК №3211,1190,14.96,172,6,68,107,3,Габдрахманов Марат Альбертович,83,46.63,Справедливая Россия
Самарского,Девятнадцатый,УИК №3212,1082,14.42,150,6,72,84,0,Пичкунов Виталий Владимирович,66,42.31,Справедливая Россия
Самарского,Семнадцатый,УИК №3213,1191,11.34,131,4,76,55,4,Рагимов Анатолий Холих Гулиевич,103,76.3,Единая Россия
Самарского,Двадцатый,УИК №3213,1188,9.93,116,2,51,45,22,Дмитриева Мария Степановна,89,75.42,Единая Россия
Советского,Четырнадцатый,УИК №3301,1848,14.56,269,0,178,45,46,Мушкат Наталья Сергеевна,205,76.21,Единая Россия
Советского,Четырнадцатый,УИК №3302,1942,17.1,327,5,189,106,37,Мушкат Наталья Сергеевна,263,79.22,Единая Россия
Советского,Четырнадцатый,УИК №3303,1884,14.17,261,6,159,90,18,Мушкат Наталья Сергеевна,210,78.65,Единая Россия
Советского,Двенадцатый,УИК №3304,2533,7.86,195,4,130,68,1,Танаева Татьяна Алексеевна,152,76.38,Единая Россия
Советского,Двенадцатый,УИК №3305,2723,12.08,323,6,235,83,11,Танаева Татьяна Алексеевна,267,81.16,Единая Россия
Советского,Тринадцатый,УИК №3306,1102,5.9,64,1,30,28,7,Штейн Денис Сергеевич,36,55.38,Единая Россия
Советского,Девятнадцатый,УИК №3307,1242,10.95,132,4,58,73,5,Иванов Владимир Иванович,80,58.82,Единая Россия
Советского,Десятый,УИК №3308,2843,4.43,124,2,87,39,0,Скворцов Сергей Дмитриевич,89,70.63,Самовыдвижение
Советского,Тринадцатый,УИК №3309,1754,4.79,82,2,47,37,0,Штейн Денис Сергеевич,55,65.48,Единая Россия
Советского,Тринадцатый,УИК №3310,2405,5.7,133,2,49,84,4,Штейн Денис Сергеевич,70,51.85,Единая Россия
Советского,Десятый,УИК №3311,2354,5.48,127,2,88,40,1,Скворцов Сергей Дмитриевич,96,74.42,Самовыдвижение
Советского,Двадцать первый,УИК №3312,2578,8.15,209,1,100,103,7,Зеленов Артем Вячеславович,123,58.57,Самовыдвижение
Советского,Двадцать второй,УИК №3313,1596,9.34,144,5,79,62,8,Сидоров Андрей Михайлович,90,60.4,Единая Россия
Советского,Двадцать первый,УИК №3314,2379,8.03,191,0,94,93,4,Зеленов Артем Вячеславович,100,52.36,Самовыдвижение
Советского,Девятнадцатый,УИК №3315,1235,7.45,91,1,43,49,0,Иванов Владимир Иванович,60,65.22,Единая Россия
Советского,Семнадцатый,УИК №3316,2003,5.94,114,5,49,67,3,Выборнов Дмитрий Борисович,52,43.7,Единая Россия
Советского,Семнадцатый,УИК №3317,2803,5.99,164,4,88,77,3,Выборнов Дмитрий Борисович,106,63.1,Единая Россия
Советского,Пятнадцатый,УИК №3318,1900,10.53,196,4,141,51,8,Барсуков Петр Петрович,127,63.5,Единая Россия
Советского,Пятнадцатый,УИК №3319,2106,13.77,283,7,207,72,11,Барсуков Петр Петрович,201,69.31,Единая Россия
Советского,Шестнадцатый,УИК №3320,1568,5.87,85,7,26,49,17,Бакаева Алина Дамировна,40,43.48,КПРФ
Советского,Шестнадцатый,УИК №3321,1736,4.49,73,5,30,42,6,Бакаева Алина Дамировна,40,51.28,КПРФ
Советского,Шестнадцатый,УИК №3322,1566,4.28,64,3,25,39,3,Бакаева Алина Дамировна,35,52.24,КПРФ
Советского,Двадцатый,УИК №3323,2404,8.9,208,6,97,100,17,Черкасов Дмитрий Александрович,153,71.5,КПРФ
Советского,Восемнадцатый,УИК №3324,2686,8.38,219,6,123,99,3,Тимошенко Вячеслав Сергеевич,140,62.22,Единая Россия
Советского,Девятнадцатый,УИК №3325,2544,9.0,227,2,119,108,2,Иванов Владимир Иванович,147,64.19,Единая Россия
Советского,Двадцатый,УИК №3326,2669,8.8,220,15,97,117,21,Харьков Владимир Евгеньевич,94,40.0,Единая Россия
Советского,Восемнадцатый,УИК №3327,2515,8.15,200,5,122,83,0,Тимошенко Вячеслав Сергеевич,126,61.46,Единая Россия
Советского,Двадцать второй,УИК №3328,1268,10.33,128,3,65,61,5,Сидоров Андрей Михайлович,86,65.65,Единая Россия
Советского,Двадцать второй,УИК №3329,2473,9.5,232,3,135,92,8,Сидоров Андрей Михайлович,153,65.11,Единая Россия
Советского,Двадцать пятый,УИК №3330,1603,6.49,100,4,36,64,4,Чикалёв Евгений Павлович,46,44.23,Единая Россия
Советского,Двадцать четвертый,УИК №3331,2423,13.83,331,4,230,91,14,Барсук Валерий Михайлович,264,78.81,Родина
Советского,Двадцать четвертый,УИК №3332,2433,9.33,227,0,104,111,12,Барсук Валерий Михайлович,160,70.48,Родина
Советского,Двадцать пятый,УИК №3333,1760,13.24,219,14,98,123,12,Чикалёв Евгений Павлович,142,60.94,Единая Россия
Советского,Двадцать пятый,УИК №3334,1854,7.82,137,8,69,65,11,Чикалёв Евгений Павлович,70,48.28,Единая Россия
Советского,Девятый,УИК №3335,2171,7.88,165,6,86,77,8,Петров Сергей Федорович,104,60.82,Единая Россия
Советского,Одинадцатый,УИК №3336,2608,7.02,175,8,94,88,1,Агаркова Оксана Анатольевна,77,42.08,Единая Россия
Советского,Одинадцатый,УИК №3337,2684,9.13,239,6,103,130,12,Агаркова Оксана Анатольевна,102,41.63,Единая Россия
Советского,Двадцать третий,УИК №3338,675,18.67,123,3,49,68,9,Сингатулина Альфия Рифгатовна,51,40.48,Единая Россия
Советского,Восьмой,УИК №3339,1421,8.16,110,6,76,33,7,Григорьева Юлия Александровна,60,51.72,Единая Россия
Советского,Пятый,УИК №3340,1547,12.86,196,3,110,50,39,Ермаков Артём Сергеевич,138,69.35,Единая Россия
Советского,Девятый,УИК №3341,2438,11.28,264,11,139,129,7,Петров Сергей Федорович,181,65.82,Единая Россия
Советского,Пятый,УИК №3342,2179,11.89,258,1,157,81,21,Ермаков Артём Сергеевич,188,72.59,Единая Россия
Советского,Пятый,УИК №3343,1664,13.88,231,0,140,81,10,Ермаков Артём Сергеевич,162,70.13,Единая Россия
Советского,Четвертый,УИК №3344,2337,7.49,172,2,129,43,3,Попов Василий Александрович,114,65.52,Единая Россия
Советского,Двадцать третий,УИК №3345,2298,6.14,136,5,89,45,7,Сингатулина Альфия Рифгатовна,67,47.52,Единая Россия
Советского,Четвертый,УИК №3346,2375,10.27,241,3,158,76,10,Попов Василий Александрович,147,60.25,Единая Россия
Советского,Первый,УИК №3347,1223,12.18,149,0,108,32,9,Кожухов Николай Михайлович,109,73.15,Справедливая Россия
Советского,Двадцать третий,УИК №3348,1800,17.89,317,5,198,107,17,Сингатулина Альфия Рифгатовна,268,83.23,Единая Россия
Советского,Восьмой,УИК №3349,1433,5.79,82,1,40,41,2,Аракчеева Жанна Александровна,36,43.37,КПРФ
Советского,Третий,УИК №3350,1268,9.07,112,3,38,67,10,Гордиевский Павел Алексеевич,46,40.0,Единая Россия
Советского,Седьмой,УИК №3351,2386,7.92,184,5,90,78,21,Сараева Анна Александровна,108,57.14,Единая Россия
Советского,Первый,УИК №3352,1735,13.49,233,1,193,41,0,Кожухов Николай Михайлович,169,72.22,Справедливая Россия
Советского,Второй,УИК №3353,2028,10.06,197,7,113,87,4,Баранова Ольга Николаевна,142,69.61,Единая Россия
Советского,Первый,УИК №3354,2052,8.28,164,6,94,73,3,Кожухов Николай Михайлович,80,47.06,Справедливая Россия
Советского,Второй,УИК №3355,1911,10.41,186,13,118,70,11,Баранова Ольга Николаевна,125,62.81,Единая Россия
Советского,Третий,УИК №3356,2562,12.14,306,5,152,147,12,Гордиевский Павел Алексеевич,162,52.09,Единая Россия
Советского,Третий,УИК №3357,1513,10.11,147,6,68,83,2,Миняшев Виктор Сергеевич,67,43.79,КПРФ
Советского,Шестой,УИК №3358,2088,12.31,238,19,184,54,19,Приймачук Дана Андреевна,174,67.7,Единая Россия
Советского,Седьмой,УИК №3359,2376,9.51,221,5,102,86,38,Сараева Анна Александровна,127,56.19,Единая Россия
Советского,Шестой,УИК №3360,2590,13.55,343,8,218,80,53,Приймачук Дана Андреевна,257,73.22,Единая Россия
Советского,Второй,УИК №3361,1401,16.92,234,3,123,83,31,Баранова Ольга Николаевна,186,78.48,Единая Россия
Советского,Восьмой,УИК №3362,2138,10.71,224,5,145,62,22,Григорьева Юлия Александровна,106,46.29,Единая Россия
Советского,Пятнадцатый,УИК №3363,1036,11.78,118,4,81,33,8,Барсуков Петр Петрович,73,59.84,Единая Россия
Железнодорожного,Первый,УИК №2501,1810,18.56,328,8,239,76,21,Кравец Анна Александровна,236,70.24,Единая Россия
Железнодорожного,Первый,УИК №2502,1284,14.72,186,3,92,82,15,Кравец Анна Александровна,108,57.14,Единая Россия
Железнодорожного,Первый,УИК №2503,1180,31.27,363,6,226,119,24,Кравец Анна Александровна,305,82.66,Единая Россия
Железнодорожного,Второй,УИК №2504,2102,11.13,220,14,108,86,40,Горюнов Алексей Алексеевич,113,48.29,Единая Россия
Железнодорожного,Третий,УИК №2505,2533,16.62,410,11,274,140,7,Натальчук Михаил Сергеевич,279,66.27,Единая Россия
Железнодорожного,Третий,УИК №2506,1630,27.85,442,12,329,96,29,Натальчук Михаил Сергеевич,357,78.63,Единая Россия
Железнодорожного,Четвертый,УИК №2507,2242,9.23,201,6,118,85,4,Бурлакова Юлия Владимировна,94,45.41,Единая Россия
Железнодорожного,Второй,УИК №2508,2013,9.44,187,3,130,55,5,Горюнов Алексей Алексеевич,144,75.79,Единая Россия
Железнодорожного,Пятый,УИК №2509,1958,28.29,553,1,274,268,12,Маевский Константин Викторович,468,84.48,Единая Россия
Железнодорожного,Пятый,УИК №2510,1893,16.48,303,9,184,88,40,Маевский Константин Викторович,187,59.94,Единая Россия
Железнодорожного,Четвертый,УИК №2511,1911,13.66,250,11,120,86,55,Бурлакова Юлия Владимировна,87,33.33,Единая Россия
Железнодорожного,Седьмой,УИК №2512,2054,13.39,266,9,168,81,26,Нурдина Татьяна Александровна,137,49.82,Единая Россия
Железнодорожного,Шестой,УИК №2513,2056,21.01,432,0,277,138,17,Макушева Светлана Васильевна,365,84.49,Единая Россия
Железнодорожного,Шестой,УИК №2514,1974,25.13,490,6,298,177,21,Макушева Светлана Васильевна,397,80.04,Единая Россия
Железнодорожного,Седьмой,УИК №2515,1459,13.09,185,6,73,78,40,Нурдина Татьяна Александровна,127,66.49,Единая Россия
Железнодорожного,Восьмой,УИК №2516,2351,12.34,282,8,157,105,28,Белякова Лариса Валерьевна,177,61.03,Единая Россия
Железнодорожного,Восьмой,УИК №2517,1417,10.59,147,3,84,57,9,Белякова Лариса Валерьевна,72,48.0,Единая Россия
Железнодорожного,Девятый,УИК №2518,1266,15.96,202,0,143,38,21,Палагина Татьяна Евгеньевна,150,74.26,Единая Россия
Железнодорожного,Десятый,УИК №2519,1961,5.15,98,3,41,52,8,Гужов Виктор Валентинович,41,40.59,КПРФ
Железнодорожного,Одинадцатый,УИК №2520,1801,13.1,236,0,145,77,14,Жукова Татьяна Владимировна,183,77.54,Единая Россия
Железнодорожного,Одинадцатый,УИК №2521,2172,12.29,260,7,169,98,0,Жукова Татьяна Владимировна,169,63.3,Единая Россия
Железнодорожного,Десятый,УИК №2522,2210,8.69,187,5,119,71,2,Миронова Татьяна Николаевна,75,39.06,Единая Россия
Железнодорожного,Двенадцатый,УИК №2523,1846,13.54,240,10,184,55,11,Зверев Владимир Александрович,181,72.4,Единая Россия
Железнодорожного,Двенадцатый,УИК №2524,1936,17.05,326,4,228,59,43,Зверев Владимир Александрович,210,63.64,Единая Россия
Железнодорожного,Тринадцатый,УИК №2525,1437,22.69,324,2,255,69,2,Абрамова Анастасия Сергеевна,279,85.58,Единая Россия
Железнодорожного,Тринадцатый,УИК №2526,2252,8.08,177,5,91,84,7,Абрамова Анастасия Сергеевна,106,58.24,Единая Россия
Железнодорожного,Четырнадцатый,УИК №2527,1414,23.97,336,3,256,70,13,Скобеев Николай Леонидович,267,78.76,Единая Россия
Железнодорожного,Пятнадцатый,УИК №2528,2124,16.48,326,24,188,71,91,Родионов Дмитрий Андреевич,256,73.14,Единая Россия
Железнодорожного,Четырнадцатый,УИК №2529,2198,22.75,492,8,298,158,44,Скобеев Николай Леонидович,407,81.4,Единая Россия
Железнодорожного,Шестнадцатый,УИК №2530,1780,9.21,159,5,84,61,19,Маркушина Наталья Сергеевна,81,49.39,Единая Россия
Железнодорожного,Шестнадцатый,УИК №2531,1734,12.28,206,7,111,75,27,Маркушина Наталья Сергеевна,105,49.3,Единая Россия
Железнодорожного,Пятнадцатый,УИК №2532,1162,20.05,216,17,146,56,31,Родионов Дмитрий Андреевич,124,53.22,Единая Россия
Железнодорожного,Пятнадцатый,УИК №2533,735,11.43,79,5,42,31,11,Родионов Дмитрий Андреевич,50,59.52,Единая Россия
Железнодорожного,Семнадцатый,УИК №2534,1458,9.4,131,6,85,44,8,Смирнов Олег Вячеславович,72,52.55,Единая Россия
Железнодорожного,Семнадцатый,УИК №2535,2112,14.44,305,0,202,102,1,Смирнов Олег Вячеславович,251,82.3,Единая Россия
Железнодорожного,Восемнадцатый,УИК №2536,2326,10.4,236,6,92,68,82,Платицына Юлия Павловна,167,69.01,Единая Россия
Железнодорожного,Двадцатый,УИК №2537,1267,8.52,105,3,53,23,32,Титова Марина Даниловна,49,45.37,Единая Россия
Железнодорожного,Девятнадцатый,УИК №2538,2238,8.0,174,5,98,74,7,Саяпина Елена Геннадьевна,106,59.22,Единая Россия
Железнодорожного,Девятнадцатый,УИК №2539,1806,14.23,246,11,150,96,11,Саяпина Елена Геннадьевна,172,66.93,Единая Россия
Железнодорожного,Восемнадцатый,УИК №2540,1792,12.33,218,3,139,49,33,Платицына Юлия Павловна,144,65.16,Единая Россия
Железнодорожного,Девятый,УИК №2541,2433,11.71,284,1,133,86,66,Палагина Татьяна Евгеньевна,189,66.32,Единая Россия
Железнодорожного,Двадцатый,УИК №2542,2783,11.43,312,6,202,87,29,Титова Марина Даниловна,239,75.16,Единая Россия
Кировского,Первый,УИК №2601,1823,9.05,157,8,77,79,9,Пономарёва Зоя Дмитриевна,96,58.18,Единая Россия
Кировского,Первый,УИК №2602,2528,6.49,157,7,104,56,4,Пономарёва Зоя Дмитриевна,132,80.49,Единая Россия
Кировского,Первый,УИК №2603,2470,5.83,140,4,76,41,27,Пономарёва Зоя Дмитриевна,114,79.17,Единая Россия
Кировского,Второй,УИК №2604,1947,16.59,322,1,155,105,63,Пономарев Сергей Михайлович,286,88.54,Единая Россия
Кировского,Второй,УИК №2605,2711,5.64,150,3,67,66,20,Пономарев Сергей Михайлович,101,66.01,Единая Россия
Кировского,Второй,УИК №2606,1917,1.98,32,6,13,23,2,Пономарев Сергей Михайлович,16,42.11,Единая Россия
Кировского,Третий,УИК №2607,2658,5.91,154,3,60,80,17,Фазлетдинов Равиль Раифович,107,68.15,Единая Россия
Кировского,Третий,УИК №2608,2343,1.32,30,1,4,27,0,Артамонова Любовь Николаевна,11,35.48,ЛДПР
Кировского,Двенадцатый,УИК №2609,1861,8.22,153,0,112,41,0,Монахов Алексей Борисович,118,77.12,КПРФ
Кировского,Третий,УИК №2610,2421,5.37,126,4,86,31,13,Фазлетдинов Равиль Раифович,93,71.54,Единая Россия
Кировского,Четвертый,УИК №2611,2664,5.03,133,1,63,54,17,Железин Александр Васильевич,96,71.64,Единая Россия
Кировского,Четвертый,УИК №2612,2238,6.39,140,3,72,66,5,Железин Александр Васильевич,91,63.64,Единая Россия
Кировского,Четвертый,УИК №2613,1907,6.03,108,7,70,43,2,Железин Александр Васильевич,80,69.57,Единая Россия
Кировского,Четвертый,УИК №2614,792,6.94,53,2,47,8,0,Железин Александр Васильевич,39,70.91,Единая Россия
Кировского,Шестой,УИК №2615,2187,7.68,166,2,60,101,7,Турусин Сергей Васильевич,71,42.26,КПРФ
Кировского,Пятый,УИК №2616,1578,13.75,211,6,156,48,13,Тошев Игорь Анатольевич,176,81.11,Самовыдвижение
Кировского,Шестой,УИК №2617,1968,6.76,130,3,50,77,6,Турусин Сергей Васильевич,86,64.66,КПРФ
Кировского,Шестой,УИК №2618,2006,6.43,124,5,37,82,10,Турусин Сергей Васильевич,71,55.04,КПРФ
Кировского,Седьмой,УИК №2619,1828,16.36,298,1,162,137,0,Калинкин Михаил Сергеевич,250,83.61,Единая Россия
Кировского,Седьмой,УИК №2620,2886,13.2,377,4,243,110,28,Калинкин Михаил Сергеевич,339,88.98,Единая Россия
Кировского,Пятый,УИК №2621,2166,15.51,331,5,200,118,18,Тошев Игорь Анатольевич,289,86.01,Самовыдвижение
Кировского,Пятый,УИК №2622,1818,12.98,227,9,182,53,1,Тошев Игорь Анатольевич,188,79.66,Самовыдвижение
Кировского,Пятый,УИК №2623,1438,17.32,247,2,227,22,0,Тошев Игорь Анатольевич,238,95.58,Самовыдвижение
Кировского,Седьмой,УИК №2624,2003,13.13,260,3,161,102,0,Калинкин Михаил Сергеевич,237,90.11,Единая Россия
Кировского,Восьмой,УИК №2625,2736,10.2,271,8,150,109,20,Куракина Ольга Ивановна,200,71.68,Единая Россия
Кировского,Восьмой,УИК №2626,1957,10.07,192,5,114,71,12,Куракина Ольга Ивановна,143,72.59,Единая Россия
Кировского,Одиннадцатый,УИК №2627,2011,4.08,78,4,55,27,0,Фетисенко Сергей Сергеевич,38,46.34,Единая Россия
Кировского,Девятый,УИК №2628,2305,12.28,279,4,250,33,0,Дормидонтов Вячеслав Викторович,253,89.4,Единая Россия
Кировского,Девятый,УИК №2629,2254,14.64,328,2,272,51,7,Дормидонтов Вячеслав Викторович,296,89.7,Единая Россия
Кировского,Девятый,УИК №2630,1899,4.95,88,6,27,53,14,Дормидонтов Вячеслав Викторович,59,62.77,Единая Россия
Кировского,Восьмой,УИК №2631,1883,7.17,132,3,75,59,1,Куракина Ольга Ивановна,79,58.52,Единая Россия
Кировского,Десятый,УИК №2632,2238,8.45,187,2,69,99,21,Анохина Маргарита Станиславовна,83,43.92,Единая Россия
Кировского,Десятый,УИК №2633,2431,8.56,204,4,98,104,6,Анохина Маргарита Станиславовна,116,55.77,Единая Россия
Кировского,Десятый,УИК №2634,1848,5.14,93,2,55,40,0,Анохина Маргарита Станиславовна,47,49.47,Единая Россия
Кировского,Одиннадцатый,УИК №2635,2466,5.39,129,4,55,75,3,Фетисенко Сергей Сергеевич,49,36.84,Единая Россия
Кировского,Одиннадцатый,УИК №2636,2754,4.94,134,2,81,55,0,Фетисенко Сергей Сергеевич,80,58.82,Единая Россия
Кировского,Двенадцатый,УИК №2637,2109,8.58,181,0,140,41,0,Монахов Алексей Борисович,133,73.48,КПРФ
Кировского,Двенадцатый,УИК №2638,2184,8.65,186,3,128,61,0,Монахов Алексей Борисович,153,80.95,КПРФ
Кировского,Тринадцатый,УИК №2639,2350,11.4,266,2,180,85,3,Попова Марина Валентиновна,219,81.72,Единая Россия
Кировского,Тринадцатый,УИК №2640,2665,10.88,288,2,220,67,3,Попова Марина Валентиновна,235,81.03,Единая Россия
Кировского,Двенадцатый,УИК №2641,1758,9.44,166,0,131,35,0,Монахов Алексей Борисович,136,81.93,КПРФ
Кировского,Тринадцатый,УИК №2642,2225,5.12,112,2,76,30,8,Попова Марина Валентиновна,81,71.05,Единая Россия
Кировского,Четырнадцатый,УИК №2643,1985,7.2,142,1,118,24,1,Черников Олег Николаевич,106,74.13,Единая Россия
Кировского,Пятнадцатый,УИК №2644,2108,13.8,288,3,210,79,2,Хоменко Иван Николаевич,198,68.04,Единая Россия
Кировского,Четырнадцатый,УИК №2645,2781,12.69,343,8,233,88,32,Черников Олег Николаевич,222,63.25,Единая Россия
Кировского,Пятнадцатый,УИК №2646,2002,14.99,294,6,224,76,0,Хоменко Иван Николаевич,225,75.0,Единая Россия
Кировского,Пятнадцатый,УИК №2647,2304,12.5,285,3,230,56,2,Хоменко Иван Николаевич,221,76.74,Единая Россия
Кировского,Шестнадцатый,УИК №2648,2188,11.38,249,0,192,50,7,Пушкин Сергей Юрьевич,217,87.15,Единая Россия
Кировского,Шестнадцатый,УИК №2649,2208,13.22,290,2,234,46,12,Пушкин Сергей Юрьевич,245,83.9,Единая Россия
Кировского,Семнадцатый,УИК №2650,944,15.57,146,1,116,18,13,Павликов Владимир Михайлович,108,73.47,Самовыдвижение
Кировского,Семнадцатый,УИК №2651,1595,10.72,166,5,143,27,1,Павликов Владимир Михайлович,131,76.61,Самовыдвижение
Кировского,Шестнадцатый,УИК №2652,1728,13.31,221,9,177,46,7,Пушкин Сергей Юрьевич,191,83.04,Единая Россия
Кировского,Семнадцатый,УИК №2653,1842,10.53,190,4,152,40,2,Павликов Владимир Михайлович,144,74.23,Самовыдвижение
Кировского,Шестнадцатый,УИК №2654,1568,4.21,64,2,32,34,0,Пушкин Сергей Юрьевич,33,50.0,Единая Россия
Кировского,Семнадцатый,УИК №2655,1754,10.83,185,5,147,38,5,Павликов Владимир Михайлович,137,72.11,Самовыдвижение
Кировского,Семнадцатый,УИК №2656,1719,13.55,229,4,170,53,10,Павликов Владимир Михайлович,183,78.54,Самовыдвижение
Кировского,Восемнадцатый,УИК №2657,1904,11.71,223,0,182,37,4,Кобелянов Олег Сергеевич,170,76.23,Единая Россия
Кировского,Восемнадцатый,УИК №2658,2597,12.78,327,5,254,67,11,Кобелянов Олег Сергеевич,260,78.31,Единая Россия
Кировского,Восемнадцатый,УИК №2659,1749,11.72,200,5,165,40,0,Кобелянов Олег Сергеевич,168,81.95,Единая Россия
Кировского,Восемнадцатый,УИК №2660,1577,11.67,180,4,151,29,4,Кобелянов Олег Сергеевич,143,77.72,Единая Россия
Кировского,Девятнадцатый,УИК №2661,2494,12.03,297,3,248,42,10,Рябушкин Владимир Юрьевич,245,81.67,Единая Россия
Кировского,Девятнадцатый,УИК №2662,1355,10.26,139,0,109,27,3,Рябушкин Владимир Юрьевич,113,81.29,Единая Россия
Кировского,Девятнадцатый,УИК №2663,2009,13.24,260,6,214,52,0,Рябушкин Владимир Юрьевич,202,75.94,Единая Россия
Кировского,Девятнадцатый,УИК №2664,1967,10.73,208,3,183,28,0,Рябушкин Владимир Юрьевич,176,83.41,Единая Россия
Кировского,Двадцатый,УИК №2665,2337,13.48,311,4,227,85,3,Глазецкий Александр Владимирович,230,73.02,Единая Россия
Кировского,Двадцатый,УИК №2666,2499,11.76,292,2,226,53,15,Глазецкий Александр Владимирович,240,81.63,Единая Россия
Кировского,Двадцатый,УИК №2667,2271,14.53,321,0,217,98,15,Глазецкий Александр Владимирович,232,72.27,Единая Россия
Кировского,Двадцать первый,УИК №2668,2324,12.69,291,4,212,74,9,Иванов Константин Викторович,252,85.42,КПРФ
Кировского,Двадцать третий,УИК №2669,1480,10.14,149,1,118,32,0,Широчин Владислав Анатольевич,120,80.0,Справедливая Россия
Кировского,Двадцать второй,УИК №2670,2600,13.5,348,3,299,52,0,Авдеев Алексей Юрьевич,298,84.9,Единая Россия
Кировского,Двадцать второй,УИК №2671,2206,13.01,286,1,232,48,7,Авдеев Алексей Юрьевич,237,82.58,Единая Россия
Кировского,Двадцать второй,УИК №2672,2279,11.41,253,6,220,34,6,Авдеев Алексей Юрьевич,221,85.33,Единая Россия
Кировского,Двадцать третий,УИК №2673,2165,10.95,230,7,175,61,1,Широчин Владислав Анатольевич,174,73.42,Справедливая Россия
Кировского,Двадцать третий,УИК №2674,2106,11.68,241,5,181,61,4,Широчин Владислав Анатольевич,204,82.93,Справедливая Россия
Кировского,Двадцать третий,УИК №2675,1945,11.93,228,4,165,65,2,Широчин Владислав Анатольевич,187,80.6,Справедливая Россия
Кировского,Двадцать четвёртый,УИК №2676,2136,11.66,249,0,183,58,8,Шакиров Александр Олегович,178,71.49,Единая Россия
Кировского,Двадцать четвёртый,УИК №2677,2665,11.56,298,10,236,57,15,Шакиров Александр Олегович,216,70.13,Единая Россия
Кировского,Двадцать пятый,УИК №2678,1494,14.19,208,4,180,32,0,Комаров Олег Игоревич,180,84.91,Зелёные
Кировского,Двадцать четвёртый,УИК №2679,2080,12.6,259,3,214,48,0,Шакиров Александр Олегович,208,79.39,Единая Россия
Кировского,Двадцать первый,УИК №2680,2445,11.41,278,1,144,123,12,Иванов Константин Викторович,235,84.23,КПРФ
Кировского,Двадцать первый,УИК №2681,2246,14.07,311,5,220,86,10,Иванов Константин Викторович,263,83.23,КПРФ
Кировского,Двадцать пятый,УИК №2682,1500,11.13,165,2,117,35,15,Комаров Олег Игоревич,148,88.62,Зелёные
Кировского,Двадцать пятый,УИК №2683,1884,10.72,199,3,176,23,3,Комаров Олег Игоревич,172,85.15,Зелёные
Кировского,Двадцать пятый,УИК №2684,603,14.43,82,5,31,56,0,Комаров Олег Игоревич,73,83.91,Зелёные
Кировского,Двадцать пятый,УИК №2685,2510,10.24,257,0,225,32,0,Комаров Олег Игоревич,234,91.05,Зелёные
Кировского,Двадцать пятый,УИК №2686,41,31.71,12,1,1,12,0,Плахин Антон Игоревич,5,38.46,Единая Россия
Кировского,Четырнадцатый,УИК №2687,1939,10.01,193,1,155,39,0,Черников Олег Николаевич,132,68.04,Единая Россия
Куйбышевского,Первый,УИК №2801,729,31.0,209,17,175,35,16,Ликс Борис Владимирович,167,73.89,Единая Россия
Куйбышевского,Первый,УИК №2802,1961,21.88,402,27,317,112,0,Ликс Борис Владимирович,348,81.12,Единая Россия
Куйбышевского,Второй,УИК №2803,1835,16.84,307,2,219,89,1,Карпенко Валерий Алексеевич,241,77.99,Единая Россия
Куйбышевского,Третий,УИК №2804,1479,18.8,271,7,200,73,5,Захаркин Анатолий Александрович,212,76.26,Единая Россия
Куйбышевского,Четвертый,УИК №2805,2062,20.9,426,5,281,137,13,Петриков Андрей Геннадьевич,383,88.86,Единая Россия
Куйбышевского,Четвертый,УИК №2806,819,24.54,201,0,172,17,12,Петриков Андрей Геннадьевич,138,68.66,Единая Россия
Куйбышевского,Пятый,УИК №2807,2484,12.4,298,10,133,160,15,Копылова Юлия Сергеевна,179,58.12,Единая Россия
Куйбышевского,Шестой,УИК №2808,1431,20.68,296,0,187,102,7,Папикян Размик Робертович,191,64.53,Единая Россия
Куйбышевского,Седьмой,УИК №2809,2661,12.29,319,8,171,139,17,Рыжков Борис Викторович,202,61.77,Единая Россия
Куйбышевского,Восьмой,УИК №2810,2427,18.71,447,7,323,130,1,Низамов Руслан Ростомович,320,70.48,Единая Россия
Куйбышевского,Шестой,УИК №2811,1226,22.27,273,0,196,57,20,Папикян Размик Робертович,224,82.05,Единая Россия
Куйбышевского,Девятый,УИК №2812,1481,20.39,299,3,219,49,34,Майер Андрей Андреевич,258,85.43,Единая Россия
Куйбышевского,Десятый,УИК №2813,1754,12.54,216,4,120,100,0,Поколодин Константин Сергеевич,118,53.64,Единая Россия
Куйбышевского,Десятый,УИК №2814,1097,11.12,120,2,85,37,0,Поколодин Константин Сергеевич,94,77.05,Единая Россия
Куйбышевского,Одиннадцатый,УИК №2815,1770,21.3,377,0,306,71,0,Полтавцев Сергей Михайлович,362,96.02,Единая Россия
Куйбышевского,Двенадцатый,УИК №2816,2517,12.44,303,10,184,122,7,Чертилин Василий Сергеевич,194,61.98,Единая Россия
Куйбышевского,Тринадцатый,УИК №2817,2400,15.17,357,7,245,113,6,Жадяева Елена Александровна,241,66.21,Единая Россия
Куйбышевского,Четырнадцатый,УИК №2818,1060,12.83,133,3,116,18,2,Преина Ирина Юрьевна,120,88.24,Единая Россия
Куйбышевского,Пятнадцатый,УИК №2819,2493,18.65,458,6,301,149,15,Крылов Юрий Валентинович,311,67.03,Единая Россия
Куйбышевского,Шестнадцатый,УИК №2820,1137,13.63,150,5,103,51,1,Пустовой Александр Владимирович,80,51.61,Единая Россия
Куйбышевского,Семнадцатый,УИК №2821,2549,11.1,274,9,195,88,0,Деменков Дмитрий Викторович,200,70.67,Единая Россия
Куйбышевского,Восемнадцатый,УИК №2822,2515,11.17,272,9,170,96,15,Ерисов Александр Евгеньевич,192,68.33,Единая Россия
Куйбышевского,Девятнадцатый,УИК №2823,1226,12.72,154,2,103,53,0,Кукса Ирина Ивановна,111,71.15,Единая Россия
Куйбышевского,Девятнадцатый,УИК №2824,1408,14.13,193,6,118,81,0,Кукса Ирина Ивановна,148,74.37,Единая Россия
Куйбышевского,Шестнадцатый,УИК №2825,1374,14.56,197,3,144,54,2,Пустовой Александр Владимирович,154,77.0,Единая Россия
Куйбышевского,Двадцатый,УИК №2826,2248,21.93,474,19,367,126,0,Кудряшова Олеся Олеговна,393,79.72,Единая Россия
Куйбышевского,Двадцать первый,УИК №2827,948,28.59,261,10,205,42,24,Беляков Сергей Владимирович,218,80.44,Единая Россия
Куйбышевского,Двадцать второй,УИК №2828,1340,22.99,303,5,229,60,19,Романова Марина Владимировна,252,81.82,Единая Россия
Куйбышевского,Двадцать второй,УИК №2829,1382,24.17,329,5,231,103,0,Романова Марина Владимировна,279,83.53,Единая Россия
Куйбышевского,Двадцать первый,УИК №2830,1847,22.9,418,5,271,146,6,Беляков Сергей Владимирович,343,81.09,Единая Россия
Куйбышевского,Двадцать третий,УИК №2831,2007,13.4,268,1,224,42,3,Байкин Юрий Алексеевич,232,86.25,Единая Россия
Куйбышевского,Четырнадцатый,УИК №2832,1486,25.03,359,13,168,173,31,Преина Ирина Юрьевна,170,45.7,Единая Россия
Куйбышевского,Двадцать четвертый,УИК №2833,2320,25.91,590,11,400,116,85,Иванов Александр Николаевич,486,80.87,Единая Россия
Куйбышевского,Двадцать пятый,УИК №2834,2649,10.08,265,2,173,94,0,Тюфтяева Людмила Ивановна,209,78.28,Единая Россия
Куйбышевского,Одиннадцатый,УИК №2835,915,16.07,147,0,128,13,6,Полтавцев Сергей Михайлович,136,92.52,Единая Россия
Куйбышевского,Девятый,УИК №2836,1322,6.96,89,3,54,38,0,Майер Андрей Андреевич,45,48.91,Единая Россия
Куйбышевского,Второй,УИК №2837,938,15.25,140,3,97,46,0,Карпенко Валерий Алексеевич,74,51.75,Единая Россия
Куйбышевского,Третий,УИК №2838,1054,10.72,109,4,70,35,8,Захаркин Анатолий Александрович,84,74.34,Единая Россия
Ленинского,Первый,УИК №2901,2773,10.17,270,12,174,81,27,Дикушина Ольга Михайловна,171,60.64,Единая Россия
Ленинского,Второй,УИК №2902,2542,9.72,210,37,59,173,15,Шатилов Александр Валерьевич,102,41.3,Самовыдвижение
Ленинского,Третий,УИК №2903,2785,29.12,791,20,463,240,108,Максимов Александр Борисович,626,77.19,Единая Россия
Ленинского,Четвертый,УИК №2904,2582,12.63,317,9,128,189,9,Гаврилина Татьяна Владимировна,221,67.79,Единая Россия
Ленинского,Шестой,УИК №2906,2804,13.09,356,11,223,137,7,Хайкин Максим Борисович,232,63.22,Единая Россия
Ленинского,Пятый,УИК №2907,2725,12.26,324,10,139,149,46,Храмов Лев Александрович,175,52.4,КПРФ
Ленинского,Седьмой,УИК №2908,2186,17.2,368,8,255,94,27,Борискина Елена Геннадьевна,255,67.82,Единая Россия
Ленинского,Восьмой,УИК №2910,2992,16.51,475,19,284,192,18,Пушкина Оксана Александровна,313,63.36,Единая Россия
Ленинского,Девятый,УИК №2911,2527,11.67,161,134,140,142,13,Полухин Дмитрий Викторович,57,19.32,Единая Россия
Ленинского,Десятый,УИК №2912,2516,9.7,242,2,105,132,7,Чуракова Оксана Викторовна,133,54.51,Единая Россия
Ленинского,Одиннадцатый,УИК №2914,2888,8.86,249,7,179,74,3,Таничев Виталий Викторович,172,67.19,Единая Россия
Ленинского,Двенадцатый,УИК №2915,2988,23.09,690,0,520,164,6,Косилова Елена Васильевна,430,62.32,Единая Россия
Ленинского,Тринадцатый,УИК №2916,2852,12.55,355,3,197,150,11,Чумак Павел Вадимович,208,58.1,Единая Россия
Ленинского,Четырнадцатый,УИК №2918,2525,18.65,462,9,321,134,16,Сокур Наталья Владимировна,321,68.15,Единая Россия
Ленинского,Семнадцатый,УИК №2919,2820,28.72,790,20,643,157,10,Шулаева Екатерина Романовна,676,83.46,Единая Россия
Ленинского,Пятнадцатый,УИК №2920,2445,25.6,617,9,483,125,18,Нурсафин Денис Рафаэльевич,472,75.4,Единая Россия
Ленинского,Восемнадцатый,УИК №2921,2721,30.32,815,10,596,204,25,Попов Алексей Александрович,717,86.91,Единая Россия
Ленинского,Шестнадцатый,УИК №2922,2390,22.3,520,6,392,136,5,Кулебякин Николай Александрович,409,77.76,Единая Россия
Ленинского,Девятнадцатый,УИК №2923,2624,19.09,493,8,175,309,17,Медведев Александр Михайлович,208,41.52,Единая Россия
Ленинского,Двадцатый,УИК №2924,2463,9.91,237,7,99,140,5,Никулина Ольга Валентиновна,127,52.05,Единая Россия
Промышленного,Первый,УИК №5001,2056,12.94,257,9,188,73,5,Морозов Данил Викторович,178,66.92,Единая Россия
Промышленного,Первый,УИК №5002,1733,12.69,218,2,189,31,0,Морозов Данил Викторович,172,78.18,Единая Россия
Промышленного,Первый,УИК №5003,2447,9.15,222,2,150,57,17,Морозов Данил Викторович,133,59.38,Единая Россия
Промышленного,Первый,УИК №5004,1556,11.7,179,3,151,21,10,Морозов Данил Викторович,153,84.07,Единая Россия
Промышленного,Второй,УИК №5005,1795,7.58,132,4,88,44,4,Луценко Екатерина Григорьевна,77,56.62,КПРФ
Промышленного,Второй,УИК №5006,1542,15.37,232,5,150,66,21,Луценко Екатерина Григорьевна,148,62.45,КПРФ
Промышленного,Второй,УИК №5007,1411,10.56,140,9,123,24,2,Луценко Екатерина Григорьевна,85,57.05,КПРФ
Промышленного,Второй,УИК №5008,1613,12.4,196,4,137,57,6,Луценко Екатерина Григорьевна,123,61.5,КПРФ
Промышленного,Третий,УИК №5009,1634,8.32,132,4,85,41,10,Чекалин Алексей Вячеславович,97,71.32,Единая Россия
Промышленного,Второй,УИК №5010,1864,13.89,253,6,191,51,17,Луценко Екатерина Григорьевна,134,51.74,КПРФ
Промышленного,Четвертый,УИК №5011,2274,5.85,128,5,52,77,4,Резников Яков Зиновьевич,47,35.34,Единая Россия
Промышленного,Третий,УИК №5012,2229,5.11,110,4,47,65,2,Чекалин Алексей Вячеславович,47,41.23,Единая Россия
Промышленного,Третий,УИК №5013,1935,5.22,98,3,35,64,2,Иванов Владимир Витальевич,25,24.75,КПРФ
Промышленного,Третий,УИК №5014,2387,7.21,164,8,82,78,12,Чекалин Алексей Вячеславович,75,43.6,Единая Россия
Промышленного,Четвертый,УИК №5015,2294,12.82,288,6,206,86,2,Резников Яков Зиновьевич,217,73.81,Единая Россия
Промышленного,Четвертый,УИК №5016,1996,15.13,302,0,254,48,0,Резников Яков Зиновьевич,220,72.85,Единая Россия
Промышленного,Пятый,УИК №5017,2290,12.31,274,8,89,164,29,Сачков Александр Николаевич,125,44.33,Единая Россия
Промышленного,Пятый,УИК №5018,1462,9.58,137,3,94,44,2,Сачков Александр Николаевич,55,39.29,Единая Россия
Промышленного,Пятый,УИК №5019,2624,15.28,390,11,218,183,0,Сачков Александр Николаевич,193,48.13,Единая Россия
Промышленного,Пятый,УИК №5020,1461,13.76,198,3,81,111,9,Сачков Александр Николаевич,104,51.74,Единая Россия
Промышленного,Шестой,УИК №5021,1999,7.7,149,5,84,48,22,Мастянин Анатолий Владимирович,98,63.64,Единая Россия
Промышленного,Шестой,УИК №5022,1568,9.69,139,13,60,86,6,Мастянин Анатолий Владимирович,115,75.66,Единая Россия
Промышленного,Шестой,УИК №5023,1461,7.32,104,3,51,36,20,Мастянин Анатолий Владимирович,65,60.75,Единая Россия
Промышленного,Седьмой,УИК №5024,2272,6.51,148,0,85,36,27,Кириллин Николай Алексеевич,100,67.57,Единая Россия
Промышленного,Четвертый,УИК №5025,1825,4.71,86,0,37,41,8,Резников Яков Зиновьевич,32,37.21,Единая Россия
Промышленного,Восьмой,УИК №5026,1641,5.91,93,4,23,60,14,Лазарев Алексей Евгеньевич,46,47.42,Единая Россия
Промышленного,Восьмой,УИК №5027,2619,3.02,73,6,35,44,0,Лазарев Алексей Евгеньевич,30,37.97,Единая Россия
Промышленного,Шестой,УИК №5028,2336,5.78,133,2,72,39,24,Мастянин Анатолий Владимирович,92,68.15,Единая Россия
Промышленного,Седьмой,УИК №5029,2101,5.05,105,1,44,35,27,Кириллин Николай Алексеевич,53,50.0,Единая Россия
Промышленного,Седьмой,УИК №5030,1287,7.23,91,2,74,19,0,Кириллин Николай Алексеевич,65,69.89,Единая Россия
Промышленного,Седьмой,УИК №5031,2398,8.67,202,6,96,103,9,Капустина Людмила Ивановна,124,59.62,Справедливая Россия
Промышленного,Девятый,УИК №5032,2053,6.48,129,4,46,74,13,Сергеев Артём Константинович,58,43.61,Единая Россия
Промышленного,Девятый,УИК №5033,1500,5.27,76,3,31,40,8,Соколова Ирина Владимировна,29,36.71,Справедливая Россия
Промышленного,Девятый,УИК №5034,2147,5.26,108,5,42,69,2,Сергеев Артём Константинович,44,38.94,Единая Россия
Промышленного,Девятый,УИК №5035,1786,8.34,148,1,85,58,6,Сергеев Артём Константинович,70,46.98,Единая Россия
Промышленного,Десятый,УИК №5036,1494,5.49,82,0,40,41,1,Вершинина Наталья Александровна,40,48.78,Единая Россия
Промышленного,Десятый,УИК №5037,1860,16.29,297,6,124,172,7,Вершинина Наталья Александровна,281,92.74,Единая Россия
Промышленного,Восьмой,УИК №5038,1799,9.01,161,1,117,41,4,Лазарев Алексей Евгеньевич,110,67.9,Единая Россия
Промышленного,Восьмой,УИК №5039,2171,10.73,223,10,125,84,24,Лазарев Алексей Евгеньевич,138,59.23,Единая Россия
Промышленного,Одиннадцатый,УИК №5040,2234,7.97,173,5,38,117,23,Чернышев Александр Павлович,133,74.72,Справедливая Россия
Промышленного,Одиннадцатый,УИК №5041,2221,9.73,211,4,60,145,11,Чернышев Александр Павлович,149,69.3,Справедливая Россия
Промышленного,Одиннадцатый,УИК №5042,2288,10.75,238,8,57,109,80,Чернышев Александр Павлович,171,69.51,Справедливая Россия
Промышленного,Одиннадцатый,УИК №5043,2130,9.15,192,2,34,114,47,Чернышев Александр Павлович,137,70.62,Справедливая Россия
Промышленного,Двенадцатый,УИК №5044,2058,7.97,164,0,60,83,21,Щербаков Дмитрий Вячеславович,67,40.85,Самовыдвижение
Промышленного,Двенадцатый,УИК №5045,1687,7.41,115,10,68,56,1,Телегин Илья Александрович,54,43.2,ЛДПР
Промышленного,Двенадцатый,УИК №5046,2264,6.32,138,5,69,74,0,Щербаков Дмитрий Вячеславович,44,30.77,Самовыдвижение
Промышленного,Двенадцатый,УИК №5047,1814,7.0,124,3,58,68,1,Щербаков Дмитрий Вячеславович,67,52.76,Самовыдвижение
Промышленного,Десятый,УИК №5048,1898,6.9,128,3,76,43,12,Вершинина Наталья Александровна,97,74.05,Единая Россия
Промышленного,Десятый,УИК №5049,1651,8.3,129,8,82,46,9,Вершинина Наталья Александровна,90,65.69,Единая Россия
Промышленного,Десятый,УИК №5050,1698,12.07,202,3,148,52,5,Вершинина Наталья Александровна,173,84.39,Единая Россия
Промышленного,Тринадцатый,УИК №5051,1907,11.12,206,6,86,113,13,Коковина Ирина Николаевна,106,50.0,Единая Россия
Промышленного,Тринадцатый,УИК №5052,1963,8.97,171,5,78,86,12,Коковина Ирина Николаевна,92,52.27,Единая Россия
Промышленного,Тринадцатый,УИК №5053,2246,7.88,174,3,97,77,3,Коковина Ирина Николаевна,94,53.11,Единая Россия
Промышленного,Тринадцатый,УИК №5054,1973,8.57,165,4,99,70,0,Коковина Ирина Николаевна,107,63.31,Единая Россия
Промышленного,Четырнадцатый,УИК №5055,1982,16.5,327,0,213,105,9,Ушатов Максим Викторович,245,74.92,Самовыдвижение
Промышленного,Четырнадцатый,УИК №5056,1756,16.06,282,0,214,64,4,Ушатов Максим Викторович,211,74.82,Самовыдвижение
Промышленного,Четырнадцатый,УИК №5057,1946,15.01,292,0,214,75,3,Ушатов Максим Викторович,219,75.0,Самовыдвижение
Промышленного,Четырнадцатый,УИК №5058,2086,17.69,369,0,282,87,0,Ушатов Максим Викторович,297,80.49,Самовыдвижение
Промышленного,Шестнадцатый,УИК №5059,2062,15.71,324,0,265,59,0,Елизарова Елена Николаевна,210,64.81,Единая Россия
Промышленного,Шестнадцатый,УИК №5060,2208,11.05,158,0,78,158,8,Елизарова Елена Николаевна,115,72.78,Единая Россия
Промышленного,Шестнадцатый,УИК №5061,2203,5.67,123,2,55,52,18,Елизарова Елена Николаевна,76,60.8,Единая Россия
Промышленного,Семнадцатый,УИК №5062,2553,6.89,170,6,101,63,12,Свиридова Елена Алексеевна,124,70.45,Единая Россия
Промышленного,Семнадцатый,УИК №5063,2030,6.55,133,0,69,54,10,Свиридова Елена Алексеевна,108,81.2,Единая Россия
Промышленного,Пятнадцатый,УИК №5064,1757,5.58,98,0,42,49,7,Плотникова Татьяна Юрьевна,63,64.29,Единая Россия
Промышленного,Пятнадцатый,УИК №5065,2064,6.88,137,5,67,64,11,Плотникова Татьяна Юрьевна,84,59.15,Единая Россия
Промышленного,Пятнадцатый,УИК №5066,1786,5.38,96,0,49,42,5,Плотникова Татьяна Юрьевна,66,68.75,Единая Россия
Промышленного,Пятнадцатый,УИК №5067,1803,5.55,98,2,47,46,7,Плотникова Татьяна Юрьевна,61,61.0,Единая Россия
Промышленного,Семнадцатый,УИК №5068,2891,8.89,246,11,142,113,2,Свиридова Елена Алексеевна,179,69.65,Единая Россия
Промышленного,Двадцать первый,УИК №5069,3190,7.77,245,3,96,139,13,Кагиров Винер Мнирович,119,47.98,Единая Россия
Промышленного,Восемнадцатый,УИК №5070,2313,11.15,252,6,171,61,26,Шевцов Илья Сергеевич,197,76.36,Единая Россия
Промышленного,Восемнадцатый,УИК №5071,2057,12.06,241,7,173,72,3,Шевцов Илья Сергеевич,171,68.95,Единая Россия
Промышленного,Восемнадцатый,УИК №5072,1915,11.75,216,9,162,60,3,Шевцов Илья Сергеевич,168,74.67,Единая Россия
Промышленного,Восемнадцатый,УИК №5073,2053,13.64,274,6,196,56,28,Шевцов Илья Сергеевич,220,78.57,Единая Россия
Промышленного,Девятнадцатый,УИК №5074,2133,6.14,110,21,62,66,3,Кабанов Михаил Викторович,63,48.09,Единая Россия
Промышленного,Девятнадцатый,УИК №5075,2111,6.54,137,1,60,70,8,Кабанов Михаил Викторович,83,60.14,Единая Россия
Промышленного,Девятнадцатый,УИК №5076,2142,5.7,119,3,54,65,3,Амосова Ольга Евгеньевна,52,42.62,Справедливая Россия
Промышленного,Двадцатый,УИК №5077,1348,13.87,182,5,33,138,16,Болясова Наталья Николаевна,153,81.82,Единая Россия
Промышленного,Двадцатый,УИК №5078,1851,8.7,158,2,35,101,25,Болясова Наталья Николаевна,120,75.0,Единая Россия
Промышленного,Девятнадцатый,УИК №5079,2567,7.64,188,8,102,86,8,Кабанов Михаил Викторович,99,50.51,Единая Россия
Промышленного,Двадцатый,УИК №5080,1827,15.05,275,0,183,62,30,Болясова Наталья Николаевна,202,73.45,Единая Россия
Промышленного,Двадцать пятый,УИК №5081,1775,15.94,273,10,189,83,11,Добрусин Алексей Витальевич,191,67.49,Единая Россия
Промышленного,Двадцатый,УИК №5082,2168,15.5,336,0,223,96,17,Болясова Наталья Николаевна,228,67.86,Единая Россия
Промышленного,Двадцатый,УИК №5083,1646,16.71,275,0,181,67,27,Болясова Наталья Николаевна,199,72.36,Единая Россия
Промышленного,Двадцать первый,УИК №5084,2232,5.87,123,8,41,89,1,Коротков Денис Владимирович,54,41.22,ЛДПР
Промышленного,Двадцать первый,УИК №5085,2359,5.64,129,4,60,67,6,Коротков Денис Владимирович,65,48.87,ЛДПР
Промышленного,Двадцать первый,УИК №5086,1757,10.53,179,6,112,72,1,Кагиров Винер Мнирович,114,61.62,Единая Россия
Промышленного,Шестнадцатый,УИК №5087,2054,5.16,103,3,52,52,2,Елизарова Елена Николаевна,49,46.23,Единая Россия
Промышленного,Двадцать второй,УИК №5088,2300,14.91,343,0,209,100,34,Звягинцев Вячеслав Сергеевич,282,82.22,Единая Россия
Промышленного,Двадцать второй,УИК №5089,2277,16.6,372,6,263,106,9,Звягинцев Вячеслав Сергеевич,310,82.01,Единая Россия
Промышленного,Двадцать второй,УИК №5090,2104,17.49,368,0,173,176,19,Звягинцев Вячеслав Сергеевич,339,92.12,Единая Россия
Промышленного,Двадцать второй,УИК №5091,2277,16.29,369,2,210,130,31,Звягинцев Вячеслав Сергеевич,334,90.03,Единая Россия
Промышленного,Двадцать третий,УИК №5092,2954,5.69,161,7,63,103,2,Свистунова Татьяна Валерьевна,60,35.71,Единая Россия
Промышленного,Двадцать третий,УИК №5093,2347,4.86,108,6,37,69,8,Свистунова Татьяна Валерьевна,46,40.35,Единая Россия
Промышленного,Двадцать третий,УИК №5094,2571,4.12,99,7,42,56,8,Свистунова Татьяна Валерьевна,41,38.68,Единая Россия
Промышленного,Двадцать четвертый,УИК №5095,2500,18.08,448,4,169,265,18,Венедиктов Максим Юрьевич,310,68.58,ЛДПР
Промышленного,Двадцать четвертый,УИК №5096,2232,8.69,184,10,76,110,8,Венедиктов Максим Юрьевич,81,41.75,ЛДПР
Промышленного,Двадцать четвертый,УИК №5097,3237,6.77,216,3,97,107,15,Венедиктов Максим Юрьевич,144,65.75,ЛДПР
Промышленного,Двадцать пятый,УИК №5098,2613,7.42,188,6,98,92,4,Добрусин Алексей Витальевич,117,60.31,Единая Россия
Промышленного,Двадцать пятый,УИК №5099,2117,10.11,207,7,121,84,9,Добрусин Алексей Витальевич,130,60.75,Единая Россия
Промышленного,Двадцать пятый,УИК №5100,2629,9.89,255,5,169,78,13,Добрусин Алексей Витальевич,162,62.31,Единая Россия
